{
    "Alabama": 444,
    "Alaska": 410.4,
    "Arizona": 370.6,
    "Arkansas": 454,
    "California": 402.8,
    "Colorado": 396.1,
    "Connecticut": 474.2,
    "Delaware": 502,
    "District of Columbia": 445.2,
    "Florida": 413,
    "Georgia": 450.3,
    "Hawaii": 419.8,
    "Idaho": 419.5,
    "Illinois": 454.9,
    "Indiana": 438.8,
    "Iowa": 456.1,
    "Kansas": 450.9,
    "Kentucky": 511.7,
    "Louisiana": 476.3,
    "Maine": 463.8,
    "Maryland": 451,
    "Massachusetts": 457.5,
    "Michigan": 440.1,
    "Minnesota": 451.8,
    "Mississippi": 459.9,
    "Missouri": 442.6,
    "Montana": 437,
    "Nebraska": 437.6,
    "New Hampshire": 479.2,
    "New Jersey": 483.1,
    "New Mexico": 363.7,
    "New York": 484.3,
    "North Carolina": 445.4,
    "North Dakota": 433.6,
    "Ohio": 452.4,
    "Oklahoma": 440.3,
    "Oregon": 431.5,
    "Pennsylvania": 483,
    "Rhode Island": 479.4,
    "South Carolina": 436.9,
    "South Dakota": 450.1,
    "Tennessee": 450.9,
    "Texas": 399.4,
    "Utah": 393.2,
    "Vermont": 437.1,
    "Virginia": 418.5,
    "Washington": 450.3,
    "West Virginia": 464,
    "Wisconsin": 451.1,
    "Wyoming": 382
}
