{
    "Alabama": 11.8,
    "Alaska": 7.6,
    "Arizona": 9.1,
    "Arkansas": 11.5,
    "California": 9.9,
    "Colorado": 6.9,
    "Connecticut": 8,
    "Delaware": 9.7,
    "District of Columbia": 9.1,
    "Florida": 9.4,
    "Georgia": 11,
    "Guam": 11.6,
    "Hawaii": 8.9,
    "Idaho": 7,
    "Illinois": 9.4,
    "Indiana": 9.7,
    "Iowa": 8.3,
    "Kansas": 9.5,
    "Kentucky": 11.3,
    "Louisiana": 10.4,
    "Maine": 7.8,
    "Maryland": 9.2,
    "Massachusetts": 8.8,
    "Michigan": 9,
    "Minnesota": 7.5,
    "Mississippi": 11.9,
    "Missouri": 10,
    "Montana": 7.6,
    "Nebraska": 8.4,
    "Nevada": 8.8,
    "New Hampshire": 7.8,
    "New Jersey": 8.6,
    "New Mexico": 10.4,
    "New York": 9.2,
    "North Carolina": 9.8,
    "North Dakota": 8,
    "Ohio": 10.3,
    "Oklahoma": 10.9,
    "Oregon": 8,
    "Pennsylvania": 9.6,
    "Puerto Rico": 14.2,
    "Rhode Island": 8.3,
    "South Carolina": 10.7,
    "South Dakota": 8.2,
    "Tennessee": 11.7,
    "Texas": 10.8,
    "Utah": 7.7,
    "Vermont": 6.9,
    "Virginia": 9,
    "Washington": 8.2,
    "West Virginia": 12,
    "Wisconsin": 8,
    "Wyoming": 7.8
}
