{
    "Alabama": 437.9,
    "Alaska": 280.7,
    "Arizona": 268.7,
    "Arkansas": 421.4,
    "California": 284.6,
    "Colorado": 248.6,
    "Connecticut": 285.9,
    "Delaware": 324.0,
    "Florida": 290.9,
    "Georgia": 347.5,
    "Guam": 523.1,
    "Hawaii": 264.1,
    "Idaho": 293.9,
    "Illinois": 331.0,
    "Indiana": 355.6,
    "Iowa": 315.1,
    "Kansas": 305.0,
    "Kentucky": 387.8,
    "Louisiana": 414.0,
    "Maine": 296.2,
    "Maryland": 328.2,
    "Massachusetts": 270.4,
    "Michigan": 387.7,
    "Minnesota": 228.0,
    "Mississippi": 456.7,
    "Missouri": 379.2,
    "Montana": 297.1,
    "Nebraska": 288.3,
    "Nevada": 383.1,
    "New Hampshire": 288.6,
    "New Jersey": 325.6,
    "New Mexico": 279.5,
    "New York": 352.9,
    "North Carolina": 313.9,
    "North Dakota": 284.9,
    "Ohio": 365.5,
    "Oklahoma": 446.4,
    "Oregon": 261.1,
    "Pennsylvania": 344.5,
    "Puerto Rico": 218.3,
    "Rhode Island": 314.0,
    "South Carolina": 345.7,
    "South Dakota": 294.3,
    "Tennessee": 397.8,
    "Texas": 331.1,
    "Utah": 293.3,
    "Vermont": 296.5,
    "Virginia": 301.6,
    "Washington": 267.3,
    "West Virginia": 372.9,
    "Wisconsin": 304.6,
    "Wyoming": 306.7
}
