{
    "Alabama": 41415,
    "Alaska": 60287,
    "Arizona": 46709,
    "Arkansas": 38758,
    "California": 67458,
    "Colorado": 55387,
    "Connecticut": 65753,
    "Delaware": 57954,
    "Florida": 44299,
    "Georgia": 46007,
    "Hawaii": 62814,
    "Idaho": 43341,
    "Illinois": 53234,
    "Indiana": 46438,
    "Iowa": 49427,
    "Kansas": 48964,
    "Kentucky": 41141,
    "Louisiana": 41734,
    "Maine": 46033,
    "Maryland": 70004,
    "Massachusetts": 64859,
    "Michigan": 45981,
    "Minnesota": 61814,
    "Mississippi": 36919,
    "Missouri": 45247,
    "Montana": 44222,
    "Nebraska": 50296,
    "Nevada": 48927,
    "New Hampshire": 64712,
    "New Jersey": 69825,
    "New Mexico": 41963,
    "New York": 55246,
    "North Carolina": 43916,
    "North Dakota": 51704,
    "Ohio": 45749,
    "Oklahoma": 43225,
    "Oregon": 46816,
    "Pennsylvania": 50228,
    "Rhode Island": 53636,
    "South Carolina": 42367,
    "South Dakota": 48321,
    "Tennessee": 41693,
    "Texas": 49392,
    "Utah": 55869,
    "Vermont": 52776,
    "Virginia": 62881,
    "Washington": 57835,
    "West Virginia": 38482,
    "Wisconsin": 50395,
    "Wyoming": 56322
}
