{
    "Alabama": 18230,
    "Alaska": 1442,
    "Arizona": 105246,
    "Arkansas": 20520,
    "California": 333986,
    "Colorado": 36655,
    "Connecticut": 12921,
    "Delaware": 7209,
    "District of Columbia": 2047,
    "Florida": 229902,
    "Georgia": 81014,
    "Hawaii": 3808,
    "Idaho": 16786,
    "Illinois": 84881,
    "Indiana": 41670,
    "Iowa": 9734,
    "Kansas": 12699,
    "Kentucky": 29301,
    "Louisiana": 33224,
    "Maine": 1396,
    "Maryland": 36193,
    "Massachusetts*": 421,
    "Michigan": 47293,
    "Minnesota": 17375,
    "Mississippi": 8722,
    "Missouri": 49486,
    "Montana": 9952,
    "Nebraska": 9464,
    "Nevada": 30073,
    "New Hampshire": 14935,
    "New Jersey": 34723,
    "New Mexico": 36800,
    "New York": 118048,
    "North Carolina": 125213,
    "North Dakota": 2070,
    "Ohio": 88113,
    "Oklahoma": 25112,
    "Oregon": 42522,
    "Pennsylvania": 182633,
    "Rhode Island": 4870,
    "South Carolina": 47660,
    "South Dakota": 5340,
    "Tennessee": 43672,
    "Texas": 210076,
    "Utah": 27598,
    "Vermont*": 33,
    "Virginia": 62655,
    "Washington": 23701,
    "West Virginia": 4191,
    "Wisconsin": 53305
}
